City_ID,City,Lat,Lng,Max Temp,Humidity,Cloudiness,Wind Speed,Country,Date
0,mataura,-46.1927,168.8643,10.27,37,16,2.75,NZ,1670295825
1,yellowknife,62.456,-114.3525,-35.25,66,15,2.68,CA,1670295687
2,jamestown,42.097,-79.2353,6.77,40,75,4.63,US,1670295826
3,moose factory,51.2585,-80.6094,-19.01,78,100,5.14,CA,1670295826
4,bluff,-46.6,168.3333,10.45,59,10,5.9,NZ,1670295827
5,vaini,-21.2,-175.2,26.02,80,79,9.3,TO,1670295827
6,basco,20.4487,121.9702,25.76,77,99,12.37,PH,1670295828
7,puerto ayora,-0.7393,-90.3518,20.86,94,24,2.68,EC,1670295828
8,bredasdorp,-34.5322,20.0403,12.86,77,95,1.4,ZA,1670295828
9,cabra,37.4725,-4.4421,12.03,90,97,1.47,ES,1670295829
10,codrington,-38.2667,141.9667,16.82,59,44,4.52,AU,1670295829
11,vetapalem,15.7833,80.3167,23.83,80,89,3.08,IN,1670295830
12,buala,-8.145,159.5921,28.86,74,90,2.24,SB,1670295830
13,novoagansk,61.9449,76.6625,-13.61,96,99,3.06,RU,1670295830
14,portland,45.5234,-122.6762,4.34,86,100,2.06,US,1670295777
15,ergani,38.2653,39.7621,5.5,70,11,0.91,TR,1670295831
16,port alfred,-33.5906,26.891,13.43,94,100,0.89,ZA,1670295831
17,great falls,47.5002,-111.3008,-6.29,95,100,2.57,US,1670295601
18,victoria,22.2855,114.1577,16.85,72,100,4.02,HK,1670295743
19,vao,-22.6667,167.4833,25.31,85,87,5.5,NC,1670295832
20,pisco,-13.7,-76.2167,18.9,79,100,0.86,PE,1670295774
21,harper,4.375,-7.7169,25.19,88,98,2.09,LR,1670295592
22,souillac,-20.5167,57.5167,24.95,77,47,6.71,MU,1670295833
23,dongying,37.4564,118.4856,3.9,27,0,2.8,CN,1670295834
24,mahebourg,-20.4081,57.7,24.58,77,36,6.92,MU,1670295834
25,ushuaia,-54.8,-68.3,1.01,96,88,0.9,AR,1670295835
26,linhai,28.85,121.1167,14.4,50,61,1.72,CN,1670295705
27,ilulissat,69.2167,-51.1,3.01,48,41,11.32,GL,1670295836
28,east london,-33.0153,27.9116,14.89,80,67,3.88,ZA,1670295380
29,cam ranh,11.9214,109.1591,25.98,89,40,6.17,VN,1670295837
30,sawakin,19.1059,37.3321,25.1,77,35,3.62,SD,1670295837
31,butaritari,3.0707,172.7902,27.16,80,86,6.66,KI,1670295838
32,rennes,48.1667,-1.6667,4.02,87,100,1.54,FR,1670295659
33,roma,43.2128,-75.4557,5.46,59,100,0.89,US,1670295594
34,tuktoyaktuk,69.4541,-133.0374,-26.58,82,14,9.48,CA,1670295839
35,batemans bay,-35.7167,150.1833,19.5,55,83,4.38,AU,1670295839
36,rikitea,-23.1203,-134.9692,24.02,81,100,6.17,PF,1670295840
37,ormara,25.2088,64.6357,22.68,47,0,3.44,PK,1670295840
38,le port,-20.9373,55.2919,26.98,58,100,2.59,RE,1670295706
39,los llanos de aridane,28.6585,-17.9182,15.86,86,0,2.57,ES,1670295841
40,tasiilaq,65.6145,-37.6368,-3.91,58,8,1.71,GL,1670295794
41,georgetown,5.4112,100.3354,29.97,82,20,0.51,MY,1670295676
42,lavrentiya,65.5833,-171.0,-1.51,97,100,14.84,RU,1670295841
43,pangnirtung,66.1451,-65.7125,-7.5,96,100,1.28,CA,1670295842
44,busselton,-33.65,115.3333,22.3,38,0,4.29,AU,1670295842
45,carnarvon,-24.8667,113.6333,23.52,61,26,7.58,AU,1670295843
46,albany,42.6001,-73.9662,3.5,57,97,0.89,US,1670295737
47,kalmunai,7.4167,81.8167,25.75,82,100,3.98,LK,1670295623
48,marzuq,14.4,46.4667,13.64,65,28,1.77,YE,1670295845
49,port elizabeth,-33.918,25.5701,15.73,90,100,2.68,ZA,1670295632
50,yeppoon,-23.1333,150.7333,31.88,51,0,4.84,AU,1670295846
51,saldanha,-33.0117,17.9442,15.5,83,16,4.28,ZA,1670295847
52,hobart,-42.8794,147.3294,17.25,56,75,8.23,AU,1670295324
53,cape town,-33.9258,18.4232,19.1,72,25,3.13,ZA,1670295813
54,lasa,46.6166,10.7002,-1.47,72,13,2.07,IT,1670295848
55,saint george,37.1041,-113.5841,12.19,70,75,3.09,US,1670295646
56,mayumba,-3.432,10.6554,22.09,95,100,3.41,GA,1670295848
57,saint-philippe,-21.3585,55.7679,24.77,84,97,4.88,RE,1670295849
58,bambous virieux,-20.3428,57.7575,25.12,77,36,6.84,MU,1670295849
59,punta arenas,-53.15,-70.9167,5.06,72,100,5.08,CL,1670295850
60,saintes,45.6667,-0.75,1.97,84,68,3.42,FR,1670295850
61,barrow,71.2906,-156.7887,-3.99,80,100,6.17,US,1670295850
62,new norfolk,-42.7826,147.0587,17.06,42,49,1.34,AU,1670295851
63,la malbaie,47.6575,-70.1559,-1.86,83,100,2.92,CA,1670295700
64,liverpool,53.4106,-2.9779,3.97,91,46,2.8,GB,1670295620
65,vanavara,60.34,102.2797,-11.93,92,100,4.81,RU,1670295853
66,yulara,-25.2406,130.9889,40.27,9,13,8.59,AU,1670295853
67,nurota,40.5614,65.6886,-6.63,57,11,0.65,UZ,1670295854
68,barra do garcas,-15.89,-52.2567,21.31,95,100,0.95,BR,1670295854
69,atuona,-9.8,-139.0333,25.43,74,43,6.83,PF,1670295855
70,arraial do cabo,-22.9661,-42.0278,23.12,90,100,9.95,BR,1670295855
71,castro,-24.7911,-50.0119,18.43,95,91,1.33,BR,1670295623
72,kapaa,22.0752,-159.319,25.99,89,100,7.2,US,1670295856
73,norman wells,65.282,-126.8329,-29.15,89,49,5.09,CA,1670295856
74,fairbanks,64.8378,-147.7164,-3.99,93,100,0.0,US,1670295721
75,jablah,35.3614,35.9256,12.16,71,20,2.06,SY,1670295857
76,tabou,4.423,-7.3528,25.42,87,85,2.26,CI,1670295858
77,jawhar,2.7809,45.5005,23.4,90,26,2.46,SO,1670295858
78,nikolskoye,59.7035,30.7861,-7.06,88,100,3.86,RU,1670295859
79,avarua,-21.2078,-159.775,25.03,83,75,2.06,CK,1670295859
80,marawi,7.9986,124.2928,27.39,60,97,1.47,PH,1670295860
81,khani,41.9563,42.9566,1.76,82,100,1.58,GE,1670295861
82,ribeira grande,38.5167,-28.7,14.87,86,100,7.15,PT,1670295861
83,farah,32.5,62.5,5.46,46,7,0.82,AF,1670295813
84,mandalgovi,45.7625,106.2708,-11.93,27,0,2.84,MN,1670295862
85,provideniya,64.3833,-173.3,0.2,93,100,14.0,RU,1670295863
86,pangkalanbuun,-2.6833,111.6167,29.84,71,100,0.46,ID,1670295863
87,dikson,73.5069,80.5464,-5.61,96,100,5.35,RU,1670295864
88,taksimo,56.3444,114.8794,-13.46,93,100,1.7,RU,1670295865
89,senanga,-16.1167,23.2667,20.83,71,54,2.83,ZM,1670295865
90,clyde river,70.4692,-68.5914,-4.87,93,100,1.03,CA,1670295828
91,san lazaro,18.0387,-88.6622,19.28,91,0,1.59,BZ,1670295866
92,takapau,-40.0333,176.35,19.29,40,100,4.54,NZ,1670295867
93,qaanaaq,77.484,-69.3632,-0.82,74,100,5.74,GL,1670295411
94,khatanga,71.9667,102.5,-24.0,88,100,5.29,RU,1670295868
95,north bend,43.4065,-124.2243,8.29,99,38,1.24,US,1670295641
96,allapalli,19.4167,80.0667,20.14,46,8,0.87,IN,1670295868
97,bethel,41.3712,-73.414,3.68,80,0,0.0,US,1670295869
98,inirida,3.8653,-67.9239,23.42,93,79,0.89,CO,1670295869
99,pevek,69.7008,170.3133,-21.97,78,100,2.26,RU,1670295870
100,bandarbeyla,9.4942,50.8122,24.07,73,51,7.65,SO,1670295870
101,saskylakh,71.9167,114.0833,-23.48,97,100,8.05,RU,1670295871
102,zaykovo,57.5613,62.7568,-19.09,99,26,2.07,RU,1670295871
103,mbengwi,6.0167,10.0,17.02,48,11,0.83,CM,1670295872
104,mar del plata,-38.0023,-57.5575,21.01,78,0,4.63,AR,1670295343
105,salta,-24.7859,-65.4117,22.54,55,99,1.35,AR,1670295653
106,huilong,31.8111,121.655,9.47,56,4,2.06,CN,1670295872
107,tiksi,71.6872,128.8694,-26.35,93,100,4.55,RU,1670295873
108,guaraniacu,-25.1008,-52.8781,17.89,98,10,0.57,BR,1670295873
109,jalu,29.0331,21.5482,16.06,38,34,3.27,LY,1670295874
110,ellenabad,29.45,74.65,15.63,31,0,1.97,IN,1670295874
111,berezovyy,51.6667,135.7,-13.64,58,100,2.93,RU,1670295875
112,lukovetskiy,64.2956,41.9211,-6.95,93,100,4.98,RU,1670295875
113,shingu,33.7333,135.9833,13.12,43,0,2.1,JP,1670295876
114,alice springs,-23.7,133.8833,38.75,8,3,7.2,AU,1670295876
115,kot diji,27.3427,68.7083,19.03,29,0,1.48,PK,1670295877
116,presidencia roque saenz pena,-26.7852,-60.4388,24.66,43,0,2.92,AR,1670295877
117,amuntai,-2.4177,115.2494,32.38,56,97,0.43,ID,1670295878
118,vanimo,-2.6741,141.3028,26.89,83,100,1.62,PG,1670295878
119,vila,42.0304,-8.1588,4.49,92,86,0.93,PT,1670295879
120,takahata,38.0025,140.1911,3.4,77,100,1.07,JP,1670295879
121,kavieng,-2.5744,150.7967,28.68,69,71,0.97,PG,1670295879
122,tadine,-21.55,167.8833,28.29,74,93,4.72,NC,1670295880
123,thompson,55.7435,-97.8558,-28.72,95,95,3.03,CA,1670295761
124,kosonsoy,41.2561,71.5508,-3.69,91,100,1.73,UZ,1670295880
125,thinadhoo,0.5333,72.9333,27.4,74,77,4.05,MV,1670295881
126,touros,-5.1989,-35.4608,25.58,74,0,5.56,BR,1670295881
127,kodiak,57.79,-152.4072,-1.27,100,0,3.09,US,1670295882
128,hilo,19.7297,-155.09,24.04,87,75,3.6,US,1670295882
129,lagoa,39.05,-27.9833,15.95,77,100,11.15,PT,1670295883
130,pochutla,15.7432,-96.4661,24.9,68,0,1.39,MX,1670295883
131,pacific grove,36.6177,-121.9166,11.73,90,0,2.57,US,1670295883
132,ubaitaba,-14.3125,-39.3233,19.23,98,97,0.8,BR,1670295884
133,ravar,31.2656,56.8055,4.78,67,7,0.84,IR,1670295884
134,hermanus,-34.4187,19.2345,14.66,73,40,2.91,ZA,1670295884
135,chicama,-7.8447,-79.1469,16.3,84,2,2.45,PE,1670295885
136,tuatapere,-46.1333,167.6833,13.08,53,42,3.29,NZ,1670295885
137,moron,-34.6534,-58.6198,28.94,53,0,3.82,AR,1670295886
138,tura,25.5198,90.2201,21.16,63,0,0.6,IN,1670295886
139,namibe,-15.1961,12.1522,19.92,82,82,2.34,AO,1670295886
140,kirakira,-10.4544,161.9205,29.56,70,100,3.06,SB,1670295716
141,buritis,-15.6178,-46.4233,20.62,95,100,1.06,BR,1670295888
142,upernavik,72.7868,-56.1549,-2.1,62,74,4.2,GL,1670295888
143,coahuayana,18.7333,-103.6833,23.77,90,7,0.72,MX,1670295889
144,ivanteyevka,55.9711,37.9208,-9.69,87,100,3.14,RU,1670295644
145,oudtshoorn,-33.5907,22.2014,12.85,87,100,0.7,ZA,1670295890
146,hambantota,6.1241,81.1185,24.19,100,40,1.03,LK,1670295890
147,salalah,17.0151,54.0924,22.05,56,20,2.57,OM,1670295889
148,jiayuguan,39.8167,98.3,-5.99,63,89,0.94,CN,1670295891
149,talnakh,69.4865,88.3972,-3.77,96,100,3.78,RU,1670295891
150,waitati,-45.75,170.5667,11.0,71,96,3.99,NZ,1670295892
151,dalmeny,52.3334,-106.7679,-21.83,84,75,1.54,CA,1670295892
152,torbay,47.6666,-52.7314,4.31,96,100,2.06,CA,1670295892
153,luganville,-15.5333,167.1667,30.1,58,75,3.46,VU,1670295893
154,san quintin,30.4833,-115.95,15.36,73,0,7.13,MX,1670295893
155,luanda,-8.8368,13.2343,24.08,83,100,2.96,AO,1670295894
156,geraldton,-28.7667,114.6,25.23,53,0,9.77,AU,1670295894
157,port lincoln,-34.7333,135.8667,18.91,58,96,4.26,AU,1670295639
158,longyearbyen,78.2186,15.6401,-14.09,61,40,7.2,SJ,1670295776
159,dongsheng,39.8161,109.9776,-5.96,32,5,2.07,CN,1670295799
160,maragogi,-9.0122,-35.2225,24.0,87,5,3.58,BR,1670295895
161,nioro,13.35,-15.75,22.23,57,5,2.72,GM,1670295896
162,port moresby,-9.4431,147.1797,29.69,65,91,5.23,PG,1670295896
163,lichinga,-13.3128,35.2406,17.02,75,100,2.29,MZ,1670295897
164,mehamn,71.0357,27.8492,1.97,93,75,4.12,NO,1670295897
165,bajil,15.0584,43.2851,23.13,76,3,1.33,YE,1670295898
166,zavyalovo,54.5053,82.4484,-19.2,95,89,2.68,RU,1670295899
167,lebu,-37.6167,-73.65,14.03,90,8,1.28,CL,1670295899
168,narsaq,60.9167,-46.05,7.12,71,99,5.76,GL,1670295899
169,timra,62.487,17.3257,-0.18,100,11,1.03,SE,1670295900
170,faanui,-16.4833,-151.75,26.66,75,20,7.19,PF,1670295900
171,hobara,37.8167,140.55,4.51,77,100,0.61,JP,1670295901
172,colgong,25.2667,87.2167,18.24,43,0,3.35,IN,1670295901
173,dingle,10.9995,122.6711,28.6,72,34,6.06,PH,1670295902
174,teguise,29.0605,-13.564,15.12,94,20,0.0,ES,1670295902
175,airai,-8.9266,125.4092,26.17,31,48,1.09,TL,1670295903
176,bontang,0.1333,117.5,28.43,72,97,1.4,ID,1670295648
177,taltal,-25.4,-70.4833,17.53,81,30,0.5,CL,1670295640
178,jurado,7.1053,-77.7641,23.44,92,31,1.15,CO,1670295904
179,ouesso,1.6136,16.0517,21.38,91,97,0.89,CG,1670295906
180,saint anthony,45.0205,-93.218,-4.92,61,75,2.57,US,1670295641
181,bengkulu,-3.8004,102.2655,27.56,71,100,1.29,ID,1670295907
182,galle,6.0367,80.217,25.72,80,100,1.94,LK,1670295908
183,mayor pablo lagerenza,-19.9309,-60.7718,24.87,70,78,2.42,PY,1670295909
184,ugoofaaru,5.6667,73.0,26.88,77,100,4.51,MV,1670295909
185,baykit,61.67,96.37,-16.06,96,90,2.73,RU,1670295910
186,toktogul,41.8708,72.9402,-1.88,94,100,1.47,KG,1670295910
187,topeka,39.0483,-95.678,5.5,69,0,2.57,US,1670295656
188,esperance,-33.8667,121.9,18.46,71,84,7.19,AU,1670295911
189,constitucion,-35.3333,-72.4167,13.45,75,0,3.78,CL,1670295744
190,shizilu,35.1711,118.8289,6.32,35,4,2.49,CN,1670295911
191,richards bay,-28.783,32.0377,19.88,82,98,4.15,ZA,1670295912
192,cabinda,-5.55,12.2,25.7,88,100,2.57,AO,1670295913
193,tanga,-5.0667,39.1,23.81,89,100,3.06,TZ,1670295914
194,prince rupert,54.3161,-130.3201,0.89,83,53,2.93,CA,1670295639
195,abeche,13.8292,20.8324,20.3,21,1,6.53,TD,1670295915
196,payo,-3.7508,103.6372,23.94,95,99,0.21,ID,1670295915
197,diego de almagro,-26.3667,-70.05,18.64,39,0,0.66,CL,1670295916
198,severo-kurilsk,50.6789,156.125,-3.51,76,88,7.04,RU,1670295412
199,phonhong,18.5007,102.4166,23.84,62,68,0.39,LA,1670295916
200,isangel,-19.55,169.2667,29.01,71,84,2.58,VU,1670295917
201,kahului,20.8947,-156.47,27.2,81,90,0.45,US,1670295522
202,acajutla,13.5928,-89.8275,24.73,71,27,2.54,SV,1670295918
203,ossora,59.2353,163.0719,-14.51,87,9,5.54,RU,1670295918
204,puerto escondido,15.85,-97.0667,24.86,67,0,1.81,MX,1670295508
205,sur,22.5667,59.5289,22.48,61,0,1.35,OM,1670295919
206,yumen,40.2833,97.2,-7.35,82,99,0.27,CN,1670295919
207,methala,10.2166,76.2166,25.0,73,100,1.43,IN,1670295920
208,lima,-12.0432,-77.0282,18.83,81,100,2.42,PE,1670295811
209,gazli,40.1333,63.45,-8.02,56,6,1.4,UZ,1670295921
210,chokurdakh,70.6333,147.9167,-40.72,100,42,1.25,RU,1670295921
211,luderitz,-26.6481,15.1594,14.68,76,66,8.08,NA,1670295644
212,adrar,20.5022,-10.0711,22.29,30,30,1.08,MR,1670295922
213,namatanai,-3.6667,152.4333,28.97,70,84,4.17,PG,1670295923
214,sinnamary,5.3833,-52.95,24.88,90,86,4.03,GF,1670295679
215,caratinga,-19.7897,-42.1392,18.56,95,100,1.53,BR,1670295923
216,buchanan,5.8808,-10.0467,25.06,88,98,1.25,LR,1670295924
217,korla,41.7597,86.1469,-3.49,39,100,0.75,CN,1670295924
218,ancud,-41.8697,-73.8203,11.96,96,61,1.38,CL,1670295925
219,hay river,60.8156,-115.7999,-28.41,99,100,3.73,CA,1670295926
220,kapit,2.0167,112.9333,31.38,60,99,0.43,MY,1670295926
221,barinas,8.6226,-70.2075,24.49,71,87,1.41,VE,1670295741
222,altamira,-3.2033,-52.2064,21.77,94,99,1.04,BR,1670295771
223,lata,40.1629,-8.3327,11.15,92,100,0.57,PT,1670295927
224,uyemskiy,64.4743,40.8524,-3.97,100,100,3.0,RU,1670295927
225,atbasar,51.8,68.3333,-25.39,95,82,2.02,KZ,1670295928
226,karratha,-20.7377,116.8463,36.19,25,7,6.02,AU,1670295928
227,laguna,38.421,-121.4238,12.25,83,0,2.57,US,1670295929
228,kutum,14.2,24.6667,13.62,32,0,5.56,SD,1670295930
229,cherskiy,68.75,161.3,-22.14,90,100,2.0,RU,1670295930
230,bud,39.447,-86.1758,6.62,92,100,2.56,US,1670295931
231,san patricio,28.017,-97.5169,22.13,86,53,5.55,US,1670295931
232,leningradskiy,69.3833,178.4167,-22.62,90,87,2.25,RU,1670295932
233,tyup,42.7276,78.3648,-5.78,78,100,2.41,KG,1670295932
234,mecca,21.4267,39.8261,22.92,77,0,1.32,SA,1670295926
235,vardo,70.3705,31.1107,-1.01,86,75,8.75,NO,1670295933
236,phalombe,-15.8064,35.6507,22.14,75,59,1.05,MW,1670295934
237,nacogdoches,31.6002,-94.6335,21.8,97,0,3.6,US,1670295934
238,tashla,51.7716,52.7427,-13.87,86,11,2.63,RU,1670295935
239,beeville,28.4008,-97.7483,21.46,94,74,2.57,US,1670295651
240,svetlogorsk,52.6333,29.7333,-9.06,91,93,4.32,BY,1670295935
241,nynashamn,58.9034,17.9479,-2.69,79,100,3.56,SE,1670295936
242,avera,33.194,-82.5271,12.43,98,100,4.16,US,1670295936
243,pelym,61.0108,61.9978,-15.91,98,98,1.75,RU,1670295937
244,barabinsk,55.3571,78.357,-25.53,97,31,1.04,RU,1670295937
245,chupa,66.27,33.0549,-3.2,86,100,5.69,RU,1670295938
246,jackson,42.4165,-122.8345,6.69,82,89,0.04,US,1670295639
247,sept-iles,50.2001,-66.3821,2.29,80,100,3.09,CA,1670295893
248,de-kastri,51.4667,140.7833,-11.41,66,24,1.88,RU,1670295939
249,biak,-0.9131,122.8766,28.74,59,99,2.7,ID,1670295940
250,samarai,-10.6167,150.6667,28.87,67,88,3.85,PG,1670295940
251,kaitangata,-46.2817,169.8464,13.96,49,27,6.25,NZ,1670295941
252,flin flon,54.7682,-101.865,-24.42,93,100,2.43,CA,1670295868
253,ahipara,-35.1667,173.1667,17.7,88,100,3.27,NZ,1670295941
254,tautira,-17.7333,-149.15,26.19,78,14,6.6,PF,1670295695
255,samarinda,-0.5,117.15,27.46,82,100,0.12,ID,1670295804
256,santa maria del oro,25.9333,-105.3667,17.23,41,77,1.39,MX,1670295942
257,rudbar,30.15,62.6,6.39,48,11,1.48,AF,1670295942
258,bathsheba,13.2167,-59.5167,22.81,95,20,2.06,BB,1670295943
259,cuxhaven,53.8718,8.6909,3.31,100,75,4.12,DE,1670295911
260,mayo,38.8876,-76.5119,5.63,90,0,2.06,US,1670295944
261,praia,14.9215,-23.5087,20.3,77,75,3.09,CV,1670295944
262,kismayo,-0.3582,42.5454,25.86,79,11,4.2,SO,1670295944
263,umm kaddadah,13.6017,26.6876,16.32,29,19,6.88,SD,1670295945
264,hithadhoo,-0.6,73.0833,27.45,74,100,4.19,MV,1670295946
265,manokwari,-0.8667,134.0833,27.87,73,100,0.89,ID,1670295946
266,sechura,-5.5569,-80.8222,18.74,85,2,5.72,PE,1670295947
267,torata,-17.0769,-70.8433,13.98,65,100,0.71,PE,1670295948
268,kabanjahe,3.1001,98.4908,22.96,69,85,0.99,ID,1670295948
269,fukue,32.6881,128.8419,10.38,57,56,9.4,JP,1670295948
270,chuy,-33.6971,-53.4616,17.26,94,0,2.5,UY,1670295949
271,cururupu,-1.8283,-44.8683,24.99,84,73,2.42,BR,1670295949
272,tessalit,20.1986,1.0114,23.79,17,97,3.98,ML,1670295796
273,curup,-3.4667,102.5333,24.71,76,100,0.79,ID,1670295950
274,cambui,-22.6122,-46.0575,18.77,99,100,2.12,BR,1670295950
275,bam,29.106,58.357,8.6,50,4,0.53,IR,1670295950
276,skibbereen,51.55,-9.2667,8.39,81,100,8.62,IE,1670295951
277,tigil,57.8,158.6667,-7.46,91,100,6.17,RU,1670295951
278,hasaki,35.7333,140.8333,7.94,84,100,8.63,JP,1670295952
279,warrington,53.3925,-2.5802,4.4,89,68,0.89,GB,1670295813
280,labuhan,-6.8844,112.2051,29.75,66,99,0.97,ID,1670295952
281,kamaishi,39.2667,141.8833,3.92,97,100,1.79,JP,1670295953
282,nacala,-14.5428,40.6728,25.9,84,19,4.11,MZ,1670295954
283,padang,-0.9492,100.3543,29.03,74,100,0.32,ID,1670295954
284,sragen,-7.4264,111.0222,29.41,70,98,0.35,ID,1670295955
285,carutapera,-1.195,-46.02,25.37,86,93,3.2,BR,1670295955
286,canton,23.1167,113.25,12.97,53,1,4.11,CN,1670295884
287,kashirskoye,51.4194,39.6125,-9.88,72,39,2.4,RU,1670295956
288,pasighat,28.0667,95.3333,22.13,34,1,0.73,IN,1670295956
289,broken hill,-31.95,141.4333,23.52,27,97,0.99,AU,1670295957
290,novaya igirma,57.1334,103.9112,-13.11,91,100,5.22,RU,1670295957
291,qrendi,35.8347,14.4583,14.5,100,20,2.06,MT,1670295958
292,acari,-15.4311,-74.6158,21.35,74,100,1.54,PE,1670295958
293,plettenberg bay,-34.0527,23.3716,15.1,74,100,1.97,ZA,1670295958
294,coquimbo,-29.9533,-71.3436,17.15,79,0,1.23,CL,1670295798
295,viedma,-40.8135,-62.9967,24.39,45,84,4.53,AR,1670295769
296,kalawit,8.0667,122.5167,28.88,76,52,2.6,PH,1670295960
297,itoman,26.1247,127.6694,22.43,65,75,10.29,JP,1670295960
298,deming,32.2687,-107.7586,11.94,76,0,3.09,US,1670295849
299,ahuimanu,21.4447,-157.8378,26.84,80,40,3.6,US,1670295961
300,maceio,-9.6658,-35.7353,22.69,94,75,4.12,BR,1670295746
301,kuusankoski,60.907,26.6244,-2.55,99,100,3.6,FI,1670295962
302,port-gentil,-0.7193,8.7815,27.16,77,100,3.45,GA,1670295693
303,birin,26.8865,88.0718,14.61,45,0,0.79,NP,1670295963
304,fort walton beach,30.4058,-86.6188,21.12,94,100,1.54,US,1670295882
305,ewa beach,21.3156,-158.0072,26.97,68,40,4.12,US,1670295847
306,whitehorse,60.7161,-135.0538,-14.57,92,100,1.03,CA,1670295964
307,grindavik,63.8424,-22.4338,0.26,93,0,2.06,IS,1670295964
308,vestmannaeyjar,63.4427,-20.2734,3.66,70,28,2.0,IS,1670295965
309,goderich,43.7501,-81.7165,4.39,67,100,5.3,CA,1670295639
310,honiara,-9.4333,159.95,29.67,71,97,1.9,SB,1670295965
311,bilma,18.6853,12.9164,20.64,22,66,3.01,NE,1670295966
312,haines junction,60.7522,-137.5108,-14.33,98,70,0.93,CA,1670295966
313,tucuman,-26.8241,-65.2226,27.0,47,40,2.06,AR,1670295967
314,juba,4.8517,31.5825,24.2,60,82,1.3,SS,1670295967
315,canavieiras,-15.675,-38.9472,21.98,90,98,1.35,BR,1670295968
316,englewood,39.6478,-104.9878,5.72,65,40,6.17,US,1670295968
317,port augusta,-32.5,137.7667,29.25,25,100,2.44,AU,1670295760
318,antofagasta,-23.65,-70.4,17.6,79,33,1.21,CL,1670295969
319,yelizovo,53.1873,158.3805,-5.92,73,75,4.02,RU,1670295970
320,nyuksenitsa,60.4128,44.2397,-11.15,94,100,2.73,RU,1670295970
321,pangoa,-12.1167,-73.0,20.17,90,75,1.52,PE,1670295867
322,havre-saint-pierre,50.2334,-63.5986,1.79,76,29,9.48,CA,1670295971
323,brae,60.3964,-1.353,5.29,64,98,10.87,GB,1670295971
324,balakhninskiy,58.0106,114.2769,-12.05,92,100,7.89,RU,1670295972
325,cadillac,44.2519,-85.4012,-0.05,100,100,0.0,US,1670295740
326,sao filipe,14.8961,-24.4956,22.47,67,26,1.59,CV,1670295973
327,sao joao evangelista,-18.5478,-42.7633,16.92,98,98,1.12,BR,1670295973
328,shadegan,30.6497,48.6647,17.3,56,61,2.02,IR,1670295974
329,comodoro rivadavia,-45.8667,-67.5,16.15,40,0,15.65,AR,1670295846
330,ginda,30.6945,78.4932,11.4,18,88,1.69,IN,1670295974
331,okhotsk,59.3833,143.3,-25.88,78,99,4.14,RU,1670295975
332,nome,64.5011,-165.4064,-0.96,86,100,13.38,US,1670295975
333,poum,-20.2333,164.0167,27.42,80,100,6.08,NC,1670295976
334,hokitika,-42.7167,170.9667,16.68,65,33,4.29,NZ,1670295977
335,arlit,18.7369,7.3853,23.37,18,100,1.49,NE,1670295978
336,cabo san lucas,22.8909,-109.9124,25.84,70,0,5.66,MX,1670295851
337,riverton,40.5219,-111.9391,1.75,87,0,3.58,US,1670295978
338,nanortalik,60.1432,-45.2371,2.11,79,100,7.21,GL,1670295979
339,urbino,43.7298,12.6356,10.66,93,100,1.13,IT,1670295979
340,gallup,35.5281,-108.7426,7.42,77,20,2.57,US,1670295980
341,klaksvik,62.2266,-6.589,3.51,61,92,11.21,FO,1670295980
342,buluang,13.3068,123.3425,30.43,54,93,0.45,PH,1670295980
343,cap malheureux,-19.9842,57.6142,25.26,76,71,2.24,MU,1670295981
344,alofi,-19.0595,-169.9187,29.94,62,75,4.12,NU,1670295981
345,puri,19.8,85.85,20.29,52,3,4.67,IN,1670295982
346,boende,-0.2167,20.8667,20.19,99,71,0.34,CD,1670295982
347,corner brook,48.9667,-57.9484,-8.83,95,56,1.29,CA,1670295983
348,sonqor,34.7837,47.6004,-0.41,85,20,1.36,IR,1670295984
349,ucluelet,48.9329,-125.5528,4.49,86,100,1.21,CA,1670295985
350,port hawkesbury,45.6169,-61.3485,-0.23,65,7,1.79,CA,1670295985
351,maldonado,-34.6667,-54.9167,19.66,78,0,3.71,UY,1670295986
352,salinopolis,-0.6136,-47.3561,26.51,79,96,4.8,BR,1670295986
353,hofn,64.2539,-15.2082,1.35,68,77,3.49,IS,1670295987
354,cidreira,-30.1811,-50.2056,21.66,92,100,3.01,BR,1670295973
355,asau,46.4333,26.4,-1.49,98,100,1.35,RO,1670295699
356,hamilton,39.1834,-84.5333,7.43,91,100,4.12,US,1670295374
357,saint-pierre,-21.3393,55.4781,27.17,61,20,2.06,RE,1670295988
358,miri,4.4148,114.0089,32.31,67,89,1.12,MY,1670295988
359,lecce,40.2167,18.1667,12.6,90,72,3.44,IT,1670295988
360,chizhou,30.6578,117.4831,8.98,66,14,2.6,CN,1670295989
361,nagato,34.3833,131.2,9.34,48,6,7.73,JP,1670295757
362,ostrovnoy,68.0531,39.5131,-3.58,91,100,9.29,RU,1670295989
363,alyangula,-13.8483,136.4192,31.22,53,16,5.52,AU,1670295990
364,brigantine,39.4101,-74.3646,-0.89,86,0,0.0,US,1670295991
365,paamiut,61.994,-49.6678,3.06,83,100,15.32,GL,1670295991
366,molochnoye,59.2917,39.6787,-10.96,90,99,4.04,RU,1670295992
367,yaan,7.3833,8.5667,22.09,21,31,1.47,NG,1670295714
368,ilhabela,-23.7781,-45.3581,23.2,92,100,2.33,BR,1670295993
369,bintulu,3.1667,113.0333,29.28,68,34,0.94,MY,1670295993
370,kloulklubed,7.0419,134.2556,29.28,73,100,5.73,PW,1670295994
371,trinidad,-14.8333,-64.9,22.96,91,100,1.19,BO,1670295994
372,caceres,39.522,-6.3748,10.54,97,100,1.77,ES,1670295995
373,lamar,33.6668,-95.5836,20.76,91,0,4.63,US,1670295995
374,olinda,-8.0089,-34.8553,26.85,74,75,3.6,BR,1670295869
375,teya,60.3778,92.6267,-18.64,98,100,2.28,RU,1670295995
376,ponta do sol,32.6667,-17.1,19.28,72,100,1.81,PT,1670295411
377,merauke,-8.4667,140.3333,31.07,57,98,2.59,ID,1670295996
378,termini imerese,37.9837,13.6956,16.1,44,93,3.7,IT,1670295996
379,lara,-38.0167,144.4,20.29,59,73,4.12,AU,1670295997
380,itarema,-2.9248,-39.9167,26.19,76,19,7.34,BR,1670295997
381,fortuna,40.5982,-124.1573,7.19,94,75,0.0,US,1670295998
382,lorengau,-2.0226,147.2712,26.9,84,99,5.16,PG,1670295998
383,yar-sale,66.8333,70.8333,-17.07,97,27,3.16,RU,1670295998
384,ponta delgada,37.7333,-25.6667,17.4,72,20,6.17,PT,1670295999
385,eureka,40.8021,-124.1637,7.34,94,16,1.54,US,1670295939
386,varna,43.2167,27.9167,8.08,87,100,2.06,BG,1670296000
387,nagamangala,12.8156,76.7575,20.76,83,14,3.25,IN,1670296000
388,imeni poliny osipenko,52.4201,136.4853,-15.32,82,100,4.33,RU,1670296001
389,mount gambier,-37.8333,140.7667,19.77,41,100,3.17,AU,1670296001
390,phan thiet,10.9333,108.1,28.66,67,22,1.67,VN,1670295840
391,banfora,10.6333,-4.7667,25.25,30,28,2.23,BF,1670296002
392,saint-joseph,-21.3667,55.6167,24.21,80,99,4.64,RE,1670296002
393,kozhva,65.1073,57.0459,-16.17,92,76,4.59,RU,1670296003
394,moree,-29.4667,149.85,32.52,21,1,8.79,AU,1670295882
395,harlingen,26.1906,-97.6961,23.36,95,0,4.63,US,1670295764
396,asahikawa,43.7678,142.3703,-0.9,76,10,4.44,JP,1670296004
397,salisbury,51.0693,-1.7957,5.94,87,100,4.63,GB,1670296004
398,meulaboh,4.1363,96.1285,25.87,82,99,2.0,ID,1670296004
399,jacmel,18.2342,-72.5347,23.91,72,0,2.65,HT,1670296005
400,yerbogachen,61.2767,108.0108,-13.4,93,100,3.98,RU,1670296005
401,alzamay,55.5562,98.6644,-12.55,71,84,6.35,RU,1670296006
402,vung tau,10.346,107.0843,27.1,79,9,0.67,VN,1670296006
403,beringovskiy,63.05,179.3167,-3.29,80,53,10.04,RU,1670296007
404,chingirlau,51.095,54.0814,-14.12,83,11,3.72,KZ,1670296007
405,port hardy,50.6996,-127.4199,3.57,84,100,1.8,CA,1670296007
406,krapina,46.1608,15.8789,5.28,98,95,1.07,HR,1670296008
407,verdun,49.25,5.3333,2.31,97,100,0.96,FR,1670296008
408,shizuishan,39.2333,106.7694,-1.97,34,35,0.39,CN,1670296009
409,erdenet,49.0333,104.0833,-19.22,72,1,2.29,MN,1670295779
410,kajaani,64.2273,27.7285,-3.97,86,100,5.66,FI,1670296010
411,seoul,37.5683,126.9778,1.69,74,75,2.06,KR,1670295600
412,kyzyl-suu,42.3414,78.0056,-4.32,79,100,2.75,KG,1670296010
413,belaya gora,68.5333,146.4167,-40.99,96,36,0.49,RU,1670296010
414,savinka,50.0785,47.0994,-10.69,85,9,3.11,RU,1670296011
415,texarkana,33.4251,-94.0477,19.02,91,42,1.79,US,1670295494
416,veraval,20.9,70.3667,22.15,43,0,5.12,IN,1670296012
417,qasigiannguit,68.8193,-51.1922,3.14,69,56,5.34,GL,1670296012
418,mykolayivka,47.5414,30.7561,-4.27,79,99,4.58,UA,1670296012
419,lompoc,34.6391,-120.4579,11.55,96,20,0.0,US,1670295968
420,bria,6.5423,21.9863,21.98,58,36,0.79,CF,1670296013
421,hoquiam,46.9809,-123.8893,5.99,92,100,0.0,US,1670295808
422,yongan,39.6957,113.6871,-4.35,35,2,3.63,CN,1670296014
423,puerto madryn,-42.7692,-65.0385,23.04,33,10,6.49,AR,1670295740
424,kaeo,-35.1,173.7833,17.88,87,100,3.01,NZ,1670296015
425,xining,36.6167,101.7667,-1.6,41,90,0.43,CN,1670296015
426,sao joao da barra,-21.6403,-41.0511,23.4,85,99,9.72,BR,1670296016
427,iqaluit,63.7506,-68.5145,-21.75,98,57,1.72,CA,1670296016
428,nizwa,22.9333,57.5333,18.31,58,0,0.96,OM,1670296017
429,saint-augustin,51.226,-58.6502,-6.0,86,13,0.63,CA,1670296017
430,cabedelo,-6.9811,-34.8339,25.37,79,5,5.63,BR,1670296018
431,waingapu,-9.6567,120.2641,30.44,59,100,2.88,ID,1670296018
432,channel-port aux basques,47.5702,-59.1367,1.39,66,3,2.46,CA,1670296018
433,hami,42.8,93.45,-3.97,38,100,1.5,CN,1670296019
434,aklavik,68.2191,-135.0107,-25.16,85,85,8.27,CA,1670296019
435,yuanping,38.7153,112.7575,-1.14,28,0,0.65,CN,1670295913
436,husavik,66.0449,-17.3389,-0.03,83,100,3.76,IS,1670296020
437,turayf,31.6725,38.6637,11.57,71,89,3.38,SA,1670296020
438,joensuu,62.6012,29.7632,-2.73,93,100,2.57,FI,1670296021
439,dukat,62.55,155.55,-27.08,97,100,2.04,RU,1670296021
440,acarau,-2.8856,-40.12,26.22,77,12,7.58,BR,1670295781
441,concarneau,47.875,-3.9225,4.16,88,7,5.18,FR,1670296022
442,mantua,45.1667,10.7833,6.1,92,0,2.24,IT,1670296022
443,scarborough,54.2797,-0.4044,4.95,82,100,3.64,GB,1670296023
444,sackville,45.9188,-64.3846,-1.49,77,53,2.47,CA,1670296024
445,somerset east,-32.7217,25.588,9.49,88,79,0.98,ZA,1670296024
446,kununurra,-15.7667,128.7333,36.99,47,21,2.57,AU,1670296024
447,jumla,29.2747,82.1838,10.61,13,0,0.57,NP,1670296025
448,rawson,-43.3002,-65.1023,21.76,35,20,8.33,AR,1670296025
449,la rinconada,37.4873,-5.9826,14.1,95,100,1.54,ES,1670296026
450,zafra,38.4167,-6.4167,10.56,91,95,1.2,ES,1670296026
451,bell ville,-32.6259,-62.6887,26.48,25,0,4.03,AR,1670295681
452,rosarito,32.3333,-117.0333,13.96,65,100,3.61,MX,1670296027
453,walvis bay,-22.9575,14.5053,13.94,91,0,5.01,NA,1670296028
454,sibi,29.5448,67.8764,17.1,23,0,1.11,PK,1670296028
455,oxford,51.7522,-1.256,5.59,93,75,3.09,GB,1670295568
456,batagay-alyta,67.8006,130.4114,-28.79,98,100,1.16,RU,1670296029
457,orlik,52.5178,99.825,-22.36,72,99,0.98,RU,1670296030
458,naples,40.8333,14.25,15.97,85,100,2.44,IT,1670295745
459,tarboro,35.8968,-77.5358,10.61,87,100,0.0,US,1670296030
460,zhangye,38.9342,100.4517,-3.16,52,80,2.59,CN,1670296031
461,keskin,39.6731,33.6136,0.18,79,32,0.81,TR,1670296032
462,ransang,8.9603,117.5828,29.66,67,84,1.26,PH,1670296032
463,christchurch,-43.5333,172.6333,17.96,63,75,7.72,NZ,1670296032
464,kolpashevo,58.3131,82.9089,-17.09,96,100,2.69,RU,1670296033
465,kokopo,-4.352,152.2633,28.37,70,100,1.77,PG,1670296033
466,barranca,-10.75,-77.7667,18.97,83,98,2.99,PE,1670295832
467,batsfjord,70.6345,29.7185,1.96,93,100,5.66,NO,1670296034
468,santa cruz del sur,20.7147,-77.9956,21.36,74,0,5.07,CU,1670296034
469,lensk,60.7253,114.9278,-15.82,94,100,3.63,RU,1670295940
470,elko,41.0002,-115.5012,-3.99,94,98,0.89,US,1670296035
471,cooma,-36.2333,149.1333,17.48,45,74,4.16,AU,1670295939
472,wittingen,52.7269,10.7361,3.42,100,100,2.63,DE,1670296036
473,sangar,63.9242,127.4739,-29.48,93,100,2.29,RU,1670296036
474,lithakia,37.7167,20.8333,12.65,81,97,4.42,GR,1670295832
475,port blair,11.6667,92.75,27.02,83,75,5.14,IN,1670295575
476,afua,-0.1567,-50.3867,24.14,89,100,2.97,BR,1670296037
477,bilibino,68.0546,166.4372,-17.83,72,100,2.89,RU,1670296038
478,auki,-8.7676,160.7034,28.9,71,100,0.95,SB,1670296038
479,mitchell,43.7094,-98.0298,-6.05,86,0,1.54,US,1670295814
480,udachnyy,66.4167,112.4,-33.44,100,91,2.39,RU,1670296039
481,kosh-agach,50.0,88.6667,-23.12,94,28,1.18,RU,1670296040
482,george town,5.4112,100.3354,29.97,82,20,0.51,MY,1670295676
483,itaituba,-4.2761,-55.9836,23.02,97,100,0.69,BR,1670296040
484,tilichiki,60.4667,166.1,-14.94,89,77,4.29,RU,1670296041
485,rabo de peixe,37.8,-25.5833,16.73,100,20,6.17,PT,1670296041
486,wau,7.7029,27.9953,23.7,35,5,2.64,SS,1670296042
487,severo-yeniseyskiy,60.3725,93.0408,-19.29,98,100,2.64,RU,1670296042
488,sorland,67.667,12.6934,0.92,78,100,14.97,NO,1670296043
489,saravena,6.9538,-71.8752,20.94,97,27,1.46,CO,1670296044
490,nelson bay,-32.7167,152.15,23.38,66,51,5.36,AU,1670296045
491,daru,-9.0763,143.2092,30.22,61,70,5.29,PG,1670296045
492,tommot,58.9564,126.2925,-17.73,94,100,1.9,RU,1670296046
493,coihaique,-45.5752,-72.0662,8.34,95,24,3.9,CL,1670295793
494,rolla,37.9514,-91.7713,9.84,84,100,2.57,US,1670296046
495,kabarnet,0.4919,35.743,12.13,82,100,1.41,KE,1670296047
496,mata,40.683,-7.4592,8.4,98,100,1.45,PT,1670296047
497,pokhara,28.2333,83.9833,17.55,29,0,1.07,NP,1670296048
498,melfi,40.9965,15.6514,5.83,82,41,2.72,IT,1670296048
499,aktash,50.3,87.7333,-23.94,87,9,1.81,RU,1670296049
500,oyama,36.3,139.8,7.55,87,100,2.07,JP,1670296049
501,quatre cocos,-20.2078,57.7625,25.05,77,48,6.95,MU,1670296050
502,la sarre,48.8002,-79.1996,-1.65,86,100,4.33,CA,1670296050
503,linhares,-19.3911,-40.0722,20.3,95,100,0.72,BR,1670296051
504,utete,-7.986,38.758,23.06,92,98,0.11,TZ,1670296052
505,port hedland,-20.3167,118.5667,39.03,30,45,6.69,AU,1670295761
506,nara,34.6851,135.8049,14.16,28,64,3.68,JP,1670296053
507,awjilah,29.1081,21.2869,16.38,36,54,3.38,LY,1670296053
508,broome,42.2506,-75.833,3.16,65,0,5.36,US,1670296054
509,pasni,25.2631,63.471,22.45,37,0,4.95,PK,1670296054
510,san luis,-33.295,-66.3356,26.55,23,74,4.66,AR,1670296054
511,santa vitoria do palmar,-33.5189,-53.3681,17.57,94,0,2.52,BR,1670296055
512,norfolk,42.1668,-71.2495,5.33,89,0,0.0,US,1670296055
513,sitka,57.0531,-135.33,1.94,93,100,1.54,US,1670295970
514,verkh-suetka,53.3,80.05,-23.8,100,98,1.94,RU,1670296056
515,kurilsk,45.2333,147.8833,0.05,51,78,5.21,RU,1670296056
516,mbeya,-8.9,33.45,14.8,74,94,1.23,TZ,1670296056
517,micheweni,-4.9667,39.8333,26.12,77,100,2.26,TZ,1670296057
518,dwarka,22.2394,68.9678,23.06,43,0,5.01,IN,1670295963
519,pafos,34.7667,32.4167,11.88,76,75,3.6,CY,1670296057
520,ambilobe,-13.2,49.05,24.01,82,3,1.06,MG,1670296058
521,zhigansk,66.7697,123.3711,-34.53,100,95,2.79,RU,1670296058
522,erenhot,43.6475,111.9767,-10.29,42,0,7.87,CN,1670296058
523,margate,51.3813,1.3862,7.61,84,97,3.13,GB,1670296045
524,fort nelson,58.8053,-122.7002,-27.81,82,43,1.12,CA,1670295770
525,mehkerek,46.7833,21.45,7.19,86,91,2.08,HU,1670296060
526,oxelosund,58.6706,17.1015,-1.79,80,0,3.09,SE,1670296060
527,fez,34.0372,-4.9998,15.14,77,75,4.63,MA,1670296061
528,abu samrah,35.3029,37.1841,10.59,77,9,1.54,SY,1670295844
529,kaitong,44.8135,123.15,-7.2,34,40,8.68,CN,1670296061
530,bahir dar,11.5936,37.3908,13.84,51,21,1.95,ET,1670296062
531,olga,43.7444,135.2892,-5.53,45,0,1.46,RU,1670296062
532,viljoenskroon,-27.2084,26.9485,14.17,51,0,1.85,ZA,1670296063
533,polyarnyy,69.1989,33.4478,-5.39,93,100,5.47,RU,1670296063
534,price,39.5994,-110.8107,0.59,86,100,3.6,US,1670296064
535,oranjemund,-28.55,16.4333,14.73,90,47,5.69,NA,1670296064
536,natchitoches,31.7668,-93.1335,22.47,88,0,3.6,US,1670296064
537,rocha,-34.4833,-54.3333,15.8,95,0,3.1,UY,1670296065
538,mogadishu,2.0371,45.3438,26.04,83,59,4.65,SO,1670295951
539,san cristobal,7.7669,-72.225,19.1,98,42,1.54,VE,1670296066
540,robertsport,6.7533,-11.3686,25.86,83,77,0.69,LR,1670296066
541,qaqortoq,60.7167,-46.0333,0.0,73,100,4.96,GL,1670296066
542,davila,18.4726,120.5763,30.99,72,18,10.17,PH,1670296067
543,beloha,-25.1667,45.05,25.47,66,5,2.52,MG,1670296067
544,kaniama,-7.5667,24.1833,17.09,97,100,0.34,CD,1670296068
545,yuxia,34.0615,108.6291,7.2,41,84,1.93,CN,1670296068
546,rivera,-30.9053,-55.5508,18.73,70,0,3.06,UY,1670296069
547,moerai,-22.4333,-151.3333,25.21,80,89,5.57,PF,1670296069
548,savannah bight,16.45,-85.85,27.62,64,11,6.95,HN,1670296070
549,hovd,48.0056,91.6419,-15.23,75,20,1.47,MN,1670296070
550,dudinka,69.4058,86.1778,-3.54,93,100,7.47,RU,1670296070
551,zhanakorgan,43.9098,67.2495,-13.02,89,30,1.79,KZ,1670296071
552,kruisfontein,-34.0033,24.7314,13.82,80,100,2.76,ZA,1670296071
